"time","from","to","amount","kind"
1,2,3,1,"baseline_theft"
1,3,4,1,"baseline_theft"
1,4,5,1,"baseline_theft"
1,5,6,1,"baseline_theft"
1,6,7,1,"baseline_theft"
1,7,8,1,"baseline_theft"
1,8,9,1,"baseline_theft"
1,9,10,1,"baseline_theft"
1,10,11,1,"baseline_theft"
1,11,12,1,"baseline_theft"
1,12,13,1,"baseline_theft"
1,13,14,1,"baseline_theft"
1,14,15,1,"baseline_theft"
1,15,16,1,"baseline_theft"
1,16,17,1,"baseline_theft"
1,17,18,1,"baseline_theft"
1,18,19,1,"baseline_theft"
1,19,20,1,"baseline_theft"
1,20,21,1,"baseline_theft"
1,21,22,1,"baseline_theft"
1,22,23,1,"baseline_theft"
1,23,24,1,"baseline_theft"
1,24,25,1,"baseline_theft"
1,25,26,1,"baseline_theft"
1,26,27,1,"baseline_theft"
1,27,28,1,"baseline_theft"
1,28,29,1,"baseline_theft"
1,29,30,1,"baseline_theft"
1,30,31,1,"baseline_theft"
1,31,32,1,"baseline_theft"
1,32,33,1,"baseline_theft"
1,33,34,1,"baseline_theft"
1,34,35,1,"baseline_theft"
1,35,36,1,"baseline_theft"
1,36,37,1,"baseline_theft"
1,37,38,1,"baseline_theft"
1,38,39,1,"baseline_theft"
1,39,40,1,"baseline_theft"
1,40,41,1,"baseline_theft"
1,41,42,1,"baseline_theft"
1,42,43,1,"baseline_theft"
1,43,44,1,"baseline_theft"
1,44,45,1,"baseline_theft"
1,45,46,1,"baseline_theft"
1,46,47,1,"baseline_theft"
1,47,48,1,"baseline_theft"
1,48,49,1,"baseline_theft"
1,49,50,1,"baseline_theft"
1,50,51,1,"baseline_theft"
1,51,52,1,"baseline_theft"
1,52,53,1,"baseline_theft"
1,53,54,1,"baseline_theft"
1,54,55,1,"baseline_theft"
1,55,56,1,"baseline_theft"
1,56,57,1,"baseline_theft"
1,57,58,1,"baseline_theft"
1,58,59,1,"baseline_theft"
1,59,60,1,"baseline_theft"
1,60,1,0,"baseline_theft"
2,2,3,0.03,"patron_contract"
2,43,38,0.343,"freelance_theft"
2,42,56,0.343,"freelance_theft"
2,59,23,0.343,"freelance_theft"
2,19,41,0.343,"freelance_theft"
2,49,59,0.45605,"freelance_theft"
2,5,31,0.343,"freelance_theft"
2,56,45,0.343,"freelance_theft"
2,10,56,0.336,"freelance_theft"
2,57,6,0.343,"freelance_theft"
2,4,1,0.35,"freelance_theft"
2,21,44,0.343,"freelance_theft"
2,25,15,0.343,"freelance_theft"
2,35,26,0.343,"freelance_theft"
2,40,6,0.22295,"freelance_theft"
2,8,50,0.343,"freelance_theft"
2,18,43,0.45605,"freelance_theft"
2,27,34,0.343,"freelance_theft"
2,20,40,0.4140325,"freelance_theft"
2,11,18,0.4956175,"freelance_theft"
2,45,46,0.343,"freelance_theft"
2,55,37,0.343,"freelance_theft"
2,33,53,0.343,"freelance_theft"
2,7,32,0.343,"freelance_theft"
2,6,7,0.45605,"freelance_theft"
2,51,21,0.45605,"freelance_theft"
2,14,37,0.22295,"freelance_theft"
2,50,20,0.480911375,"freelance_theft"
2,26,51,0.4956175,"freelance_theft"
2,29,45,0.336,"freelance_theft"
2,48,57,0.45605,"freelance_theft"
2,17,5,0.45605,"freelance_theft"
2,46,19,0.45605,"freelance_theft"
2,28,29,0.4536,"freelance_theft"
2,13,27,0.45605,"freelance_theft"
2,39,26,0.389416125,"freelance_theft"
2,16,44,0.22295,"freelance_theft"
2,38,13,0.4956175,"freelance_theft"
2,24,17,0.4956175,"freelance_theft"
2,12,13,0.322151375,"freelance_theft"
2,9,17,0.322151375,"freelance_theft"
2,54,21,0.2964325,"freelance_theft"
2,3,32,0.22295,"delegated_theft"
2,47,15,0.22295,"freelance_theft"
2,34,12,0.44875298125,"freelance_theft"
2,37,25,0.45605,"freelance_theft"
2,36,51,0.322151375,"freelance_theft"
2,58,25,0.2964325,"freelance_theft"
2,52,55,0.45605,"freelance_theft"
2,23,14,0.4140325,"freelance_theft"
2,31,48,0.4956175,"freelance_theft"
2,44,7,0.2964325,"freelance_theft"
2,30,4,0.4585,"freelance_theft"
2,32,25,0.192681125,"freelance_theft"
2,53,37,0.297535,"freelance_theft"
2,41,32,0.20535589375,"freelance_theft"
2,22,13,0.20939839375,"freelance_theft"
2,15,17,0.20939839375,"freelance_theft"
3,2,25,0.03,"patron_contract"
3,11,32,0.03,"patron_contract"
3,24,13,0.03,"patron_contract"
3,30,17,0.03,"patron_contract"
3,49,7,0.03,"patron_contract"
3,52,21,0.03,"patron_contract"
3,28,37,0.03,"patron_contract"
3,39,51,0.03,"patron_contract"
3,8,15,0.03,"patron_contract"
3,33,45,0.03,"patron_contract"
3,35,56,0.03,"patron_contract"
3,42,44,0.03,"patron_contract"
3,10,26,0.03,"patron_contract"
3,9,14,0.03,"patron_contract"
3,36,40,0.03,"patron_contract"
3,54,41,0.03,"patron_contract"
3,58,12,0.03,"patron_contract"
3,16,29,0.03,"patron_contract"
3,47,5,0.03,"patron_contract"
3,22,19,0.03,"patron_contract"
3,31,27,0.03,"patron_contract"
3,38,43,0.03,"patron_contract"
3,29,51,0.21989839375,"delegated_theft"
3,51,53,0.32008725,"delegated_theft"
3,18,46,0.3755675,"freelance_theft"
3,48,3,0.381614625,"freelance_theft"
3,53,5,0.3069325,"freelance_theft"
3,7,46,0.244118875,"delegated_theft"
3,59,4,0.298025,"freelance_theft"
3,13,50,0.38426898125,"delegated_theft"
3,55,18,0.4466,"freelance_theft"
3,14,20,0.31259239375,"delegated_theft"
3,20,18,0.29029,"freelance_theft"
3,25,41,0.2983245628125,"delegated_theft"
3,23,51,0.1863476978125,"freelance_theft"
3,27,3,0.24804950625,"delegated_theft"
3,46,1,0.2275,"freelance_theft"
3,50,53,0.3084830875,"freelance_theft"
3,3,48,0.44871649375,"freelance_theft"
3,56,51,0.121126003578125,"delegated_theft"
3,26,40,0.279621125,"delegated_theft"
3,45,34,0.3730135434375,"delegated_theft"
3,40,53,0.200514006875,"delegated_theft"
3,17,27,0.339000297234375,"delegated_theft"
3,15,14,0.321854427015625,"delegated_theft"
3,5,34,0.242458803234375,"delegated_theft"
3,12,20,0.2977865559375,"delegated_theft"
3,32,4,0.19371625,"delegated_theft"
3,44,43,0.3069325,"delegated_theft"
3,4,59,0.39374125,"freelance_theft"
3,57,19,0.3069325,"freelance_theft"
3,6,55,0.4457425,"freelance_theft"
3,43,5,0.230693386509414,"delegated_theft"
3,41,46,0.23130226875,"delegated_theft"
3,21,25,0.175728849892969,"delegated_theft"
3,34,6,0.446544875,"freelance_theft"
3,19,20,0.193561261359375,"delegated_theft"
3,37,5,0.149950701231119,"delegated_theft"
4,2,51,0.03,"patron_contract"
4,24,5,0.03,"patron_contract"
4,30,25,0.03,"patron_contract"
4,11,20,0.03,"patron_contract"
4,49,53,0.03,"patron_contract"
4,39,46,0.03,"patron_contract"
4,52,32,0.03,"patron_contract"
4,33,18,0.03,"patron_contract"
4,28,17,0.03,"patron_contract"
4,8,13,0.03,"patron_contract"
4,42,40,0.03,"patron_contract"
4,9,14,0.03,"patron_contract"
4,10,27,0.03,"patron_contract"
4,58,37,0.03,"patron_contract"
4,36,19,0.03,"patron_contract"
4,54,41,0.03,"patron_contract"
4,35,21,0.03,"patron_contract"
4,47,43,0.03,"patron_contract"
4,16,7,0.03,"patron_contract"
4,22,56,0.03,"patron_contract"
4,23,59,0.03,"patron_contract"
4,31,4,0.03,"patron_contract"
4,38,15,0.03,"patron_contract"
4,57,45,0.03,"patron_contract"
4,50,29,0.332973997015625,"freelance_theft"
4,41,15,0.275899010067461,"delegated_theft"
4,26,45,0.291149633091406,"freelance_theft"
4,5,4,0.267225,"delegated_theft"
4,56,32,0.1779916403125,"delegated_theft"
4,25,15,0.17933435654385,"delegated_theft"
4,3,27,0.230850193202344,"freelance_theft"
4,37,29,0.216433098060156,"delegated_theft"
4,6,41,0.270295167241875,"freelance_theft"
4,55,48,0.2916657209375,"freelance_theft"
4,20,27,0.150052625581523,"delegated_theft"
4,15,56,0.272511028912773,"delegated_theft"
4,14,12,0.342090820372656,"delegated_theft"
4,29,19,0.233492023664102,"freelance_theft"
4,12,26,0.395563180019492,"freelance_theft"
4,40,15,0.152487818807264,"delegated_theft"
4,17,21,0.234358418858143,"delegated_theft"
4,45,56,0.177132168793303,"delegated_theft"
4,32,43,0.239340333375233,"delegated_theft"
4,48,51,0.0892319023257812,"freelance_theft"
4,21,44,0.29351074375,"delegated_theft"
4,34,55,0.384815627328125,"freelance_theft"
4,27,14,0.26658468176885,"delegated_theft"
4,18,13,0.210631320484375,"delegated_theft"
4,19,37,0.258103198388376,"delegated_theft"
4,46,7,0.2451298478125,"delegated_theft"
4,4,12,0.353806146249049,"delegated_theft"
4,51,48,0.213813884423398,"delegated_theft"
4,7,14,0.173280043149752,"delegated_theft"
4,13,17,0.233412953722072,"delegated_theft"
4,43,32,0.146390668709724,"delegated_theft"
4,53,45,0.210145578094359,"delegated_theft"
4,59,21,0.191560914398418,"delegated_theft"
4,44,26,0.25711606701267,"freelance_theft"
5,2,51,0.03,"patron_contract"
5,24,32,0.03,"patron_contract"
5,30,15,0.03,"patron_contract"
5,49,14,0.03,"patron_contract"
5,39,56,0.03,"patron_contract"
5,11,21,0.03,"patron_contract"
5,52,27,0.03,"patron_contract"
5,9,45,0.03,"patron_contract"
5,28,48,0.03,"patron_contract"
5,33,5,0.03,"patron_contract"
5,8,25,0.03,"patron_contract"
5,10,17,0.03,"patron_contract"
5,42,20,0.03,"patron_contract"
5,58,13,0.03,"patron_contract"
5,54,53,0.03,"patron_contract"
5,36,26,0.03,"patron_contract"
5,35,37,0.03,"patron_contract"
5,31,43,0.03,"patron_contract"
5,50,41,0.03,"patron_contract"
5,16,7,0.03,"patron_contract"
5,47,19,0.03,"patron_contract"
5,38,46,0.03,"patron_contract"
5,22,29,0.03,"patron_contract"
5,23,4,0.03,"patron_contract"
5,34,18,0.03,"patron_contract"
5,57,12,0.03,"patron_contract"
5,3,40,0.03,"patron_contract"
5,6,55,0.03,"patron_contract"
5,15,56,0.125635909715647,"delegated_theft"
5,21,51,0.0951764233084431,"delegated_theft"
5,32,29,0.225903722021537,"delegated_theft"
5,40,25,0.156468913586086,"delegated_theft"
5,43,18,0.235862932976289,"delegated_theft"
5,14,41,0.186191858707219,"delegated_theft"
5,27,44,0.273772606891934,"delegated_theft"
5,56,18,0.153310906434588,"delegated_theft"
5,59,56,0.098809809078618,"freelance_theft"
5,12,43,0.212276158959448,"delegated_theft"
5,48,12,0.266907490097995,"delegated_theft"
5,26,4,0.232920718034225,"delegated_theft"
5,44,18,0.0996520891824821,"freelance_theft"
5,41,7,0.190126007874211,"delegated_theft"
5,45,14,0.145457245793726,"delegated_theft"
5,4,29,0.146837419313999,"delegated_theft"
5,29,7,0.123581905118237,"delegated_theft"
5,53,19,0.195921069127835,"delegated_theft"
5,7,40,0.261995372684765,"delegated_theft"
5,51,59,0.317186089695267,"delegated_theft"
5,20,14,0.0945472097659218,"delegated_theft"
5,17,4,0.167525360264201,"delegated_theft"
5,55,19,0.127348694933093,"delegated_theft"
5,18,37,0.178267078952444,"delegated_theft"
5,25,21,0.143004881030051,"delegated_theft"
5,5,51,0.104821484277493,"delegated_theft"
5,46,32,0.134233770879713,"delegated_theft"
5,37,26,0.207310456648626,"delegated_theft"
5,19,12,0.173489868563697,"delegated_theft"
5,13,5,0.163065277073933,"delegated_theft"
6,2,14,0.03,"patron_contract"
6,24,56,0.03,"patron_contract"
6,52,51,0.03,"patron_contract"
6,30,18,0.03,"patron_contract"
6,28,32,0.03,"patron_contract"
6,49,21,0.03,"patron_contract"
6,39,19,0.03,"patron_contract"
6,9,5,0.03,"patron_contract"
6,11,29,0.03,"patron_contract"
6,10,4,0.03,"patron_contract"
6,8,12,0.03,"patron_contract"
6,33,7,0.03,"patron_contract"
6,36,25,0.03,"patron_contract"
6,35,15,0.03,"patron_contract"
6,54,26,0.03,"patron_contract"
6,58,43,0.03,"patron_contract"
6,42,37,0.03,"patron_contract"
6,31,41,0.03,"patron_contract"
6,16,45,0.03,"patron_contract"
6,50,40,0.03,"patron_contract"
6,47,20,0.03,"patron_contract"
6,38,27,0.03,"patron_contract"
6,34,17,0.03,"patron_contract"
6,23,48,0.03,"patron_contract"
6,22,13,0.03,"patron_contract"
6,57,53,0.03,"patron_contract"
6,3,44,0.03,"patron_contract"
6,6,59,0.03,"patron_contract"
6,43,59,0.216670958301924,"delegated_theft"
6,26,13,0.206355679665214,"delegated_theft"
6,5,7,0.125092509524705,"delegated_theft"
6,53,41,0.15446955439988,"delegated_theft"
6,19,37,0.152024998241247,"delegated_theft"
6,45,17,0.192103664160958,"delegated_theft"
6,27,55,0.273687577215243,"delegated_theft"
6,51,19,0.130545243228289,"delegated_theft"
6,41,46,0.217096244631524,"delegated_theft"
6,4,48,0.195016954565643,"delegated_theft"
6,44,46,0.14111255901049,"delegated_theft"
6,12,55,0.177896925189908,"delegated_theft"
6,29,40,0.180796992245097,"delegated_theft"
6,13,45,0.196760469079196,"delegated_theft"
6,20,45,0.127894304901478,"delegated_theft"
6,55,53,0.229118556224227,"freelance_theft"
6,25,59,0.14083612289625,"delegated_theft"
6,21,25,0.142909751949348,"delegated_theft"
6,32,55,0.18882449605192,"delegated_theft"
6,15,27,0.225746273003465,"delegated_theft"
6,48,4,0.14310665451582,"delegated_theft"
6,7,43,0.175605179256194,"delegated_theft"
6,40,32,0.120491809199991,"delegated_theft"
6,56,59,0.0915434798825627,"delegated_theft"
6,59,18,0.0963509229036234,"delegated_theft"
6,18,51,0.0921948405888257,"delegated_theft"
6,37,46,0.0917231633568187,"delegated_theft"
6,46,27,0.146735077452252,"freelance_theft"
6,14,45,0.0831312981859604,"delegated_theft"
6,17,51,0.0599266463827367,"delegated_theft"
7,2,51,0.03,"patron_contract"
7,24,45,0.03,"patron_contract"
7,28,59,0.03,"patron_contract"
7,52,18,0.03,"patron_contract"
7,49,14,0.03,"patron_contract"
7,39,32,0.03,"patron_contract"
7,30,56,0.03,"patron_contract"
7,11,19,0.03,"patron_contract"
7,10,25,0.03,"patron_contract"
7,9,4,0.03,"patron_contract"
7,8,27,0.03,"patron_contract"
7,33,7,0.03,"patron_contract"
7,35,46,0.03,"patron_contract"
7,54,37,0.03,"patron_contract"
7,58,43,0.03,"patron_contract"
7,36,21,0.03,"patron_contract"
7,31,55,0.03,"patron_contract"
7,42,17,0.03,"patron_contract"
7,16,41,0.03,"patron_contract"
7,38,5,0.03,"patron_contract"
7,50,40,0.03,"patron_contract"
7,47,29,0.03,"patron_contract"
7,22,48,0.03,"patron_contract"
7,23,12,0.03,"patron_contract"
7,57,53,0.03,"patron_contract"
7,34,13,0.03,"patron_contract"
7,3,15,0.03,"patron_contract"
7,6,26,0.03,"patron_contract"
7,48,21,0.129461458601556,"delegated_theft"
7,7,43,0.124643366516526,"delegated_theft"
7,51,53,0.159427061545747,"delegated_theft"
7,20,1,0.147875,"freelance_theft"
7,4,13,0.168620965662363,"delegated_theft"
7,13,27,0.105877800343964,"delegated_theft"
7,40,56,0.0926444739826053,"delegated_theft"
7,25,37,0.11676264708551,"delegated_theft"
7,32,45,0.0645353438208743,"delegated_theft"
7,29,40,0.147587009560572,"delegated_theft"
7,26,44,0.231555653737778,"delegated_theft"
7,41,59,0.0781785322809865,"delegated_theft"
7,53,19,0.0953544080983879,"delegated_theft"
7,17,55,0.133235922433748,"delegated_theft"
7,37,17,0.151790486293219,"delegated_theft"
7,44,32,0.0919839926317816,"freelance_theft"
7,27,44,0.17570557235068,"delegated_theft"
7,15,5,0.139694500348197,"delegated_theft"
7,59,37,0.0928027221967633,"delegated_theft"
7,14,51,0.0675620823422341,"delegated_theft"
7,12,37,0.0603217694278962,"delegated_theft"
7,19,26,0.210722831832578,"delegated_theft"
7,18,29,0.166628952894615,"delegated_theft"
7,45,59,0.0584324747286314,"delegated_theft"
7,46,27,0.0894941978688085,"delegated_theft"
7,43,32,0.0597895952106581,"delegated_theft"
7,21,7,0.125099277150262,"delegated_theft"
7,55,48,0.166190498283655,"delegated_theft"
7,56,15,0.186961659807823,"delegated_theft"
7,5,59,0.0379811085736104,"delegated_theft"
8,2,59,0.03,"patron_contract"
8,24,32,0.03,"patron_contract"
8,52,37,0.03,"patron_contract"
8,28,51,0.03,"patron_contract"
8,30,45,0.03,"patron_contract"
8,11,27,0.03,"patron_contract"
8,49,7,0.03,"patron_contract"
8,9,56,0.03,"patron_contract"
8,8,43,0.03,"patron_contract"
8,39,19,0.03,"patron_contract"
8,10,5,0.03,"patron_contract"
8,33,14,0.03,"patron_contract"
8,54,40,0.03,"patron_contract"
8,35,21,0.03,"patron_contract"
8,36,17,0.03,"patron_contract"
8,31,18,0.03,"patron_contract"
8,58,55,0.03,"patron_contract"
8,42,48,0.03,"patron_contract"
8,16,29,0.03,"patron_contract"
8,50,53,0.03,"patron_contract"
8,47,44,0.03,"patron_contract"
8,38,25,0.03,"patron_contract"
8,22,13,0.03,"patron_contract"
8,23,15,0.03,"patron_contract"
8,34,46,0.03,"patron_contract"
8,57,4,0.03,"patron_contract"
8,3,26,0.03,"patron_contract"
8,6,41,0.03,"patron_contract"
8,12,29,0.1188088193815,"freelance_theft"
8,13,44,0.124708622027942,"delegated_theft"
8,37,55,0.116278353061612,"delegated_theft"
8,46,26,0.147469840691176,"delegated_theft"
8,40,20,0.239738896972799,"delegated_theft"
8,5,15,0.132025078875085,"delegated_theft"
8,26,48,0.118523823884376,"delegated_theft"
8,19,40,0.137190432487588,"delegated_theft"
8,4,21,0.107353084242177,"delegated_theft"
8,21,18,0.110392847360997,"delegated_theft"
8,59,20,0.155830283032319,"delegated_theft"
8,29,59,0.0527309901504371,"delegated_theft"
8,56,27,0.0686712286147255,"delegated_theft"
8,45,56,0.0969810880152448,"delegated_theft"
8,15,56,0.0630377072099091,"delegated_theft"
8,14,19,0.113276704394378,"delegated_theft"
8,27,53,0.122145909280232,"delegated_theft"
8,51,46,0.148299169363418,"delegated_theft"
8,17,53,0.0793948410321507,"delegated_theft"
8,43,40,0.089173781116932,"delegated_theft"
8,32,20,0.101289683971008,"delegated_theft"
8,18,46,0.0963944600862216,"delegated_theft"
8,55,14,0.113530974723154,"delegated_theft"
8,44,5,0.114077399749498,"delegated_theft"
8,25,12,0.191870945752232,"delegated_theft"
8,7,45,0.0629256096157288,"delegated_theft"
8,41,12,0.124716114738951,"delegated_theft"
8,20,44,0.092027794778708,"freelance_theft"
8,48,12,0.081065474580318,"delegated_theft"
8,53,48,0.0828082977712442,"delegated_theft"
9,2,59,0.03,"patron_contract"
9,24,45,0.03,"patron_contract"
9,52,56,0.03,"patron_contract"
9,28,12,0.03,"patron_contract"
9,30,48,0.03,"patron_contract"
9,11,27,0.03,"patron_contract"
9,54,53,0.03,"patron_contract"
9,39,40,0.03,"patron_contract"
9,10,32,0.03,"patron_contract"
9,8,44,0.03,"patron_contract"
9,9,37,0.03,"patron_contract"
9,49,46,0.03,"patron_contract"
9,33,51,0.03,"patron_contract"
9,35,19,0.03,"patron_contract"
9,36,14,0.03,"patron_contract"
9,58,5,0.03,"patron_contract"
9,31,29,0.03,"patron_contract"
9,42,18,0.03,"patron_contract"
9,38,21,0.03,"patron_contract"
9,16,55,0.03,"patron_contract"
9,47,15,0.03,"patron_contract"
9,50,20,0.03,"patron_contract"
9,22,7,0.03,"patron_contract"
9,34,43,0.03,"patron_contract"
9,57,26,0.03,"patron_contract"
9,23,17,0.03,"patron_contract"
9,3,13,0.03,"patron_contract"
9,6,4,0.03,"patron_contract"
9,5,41,0.166553775795027,"delegated_theft"
9,48,21,0.0906663782167724,"delegated_theft"
9,40,25,0.148501129639021,"delegated_theft"
9,32,45,0.0514016462502237,"delegated_theft"
9,55,48,0.0716053481204504,"delegated_theft"
9,18,56,0.0514745096864409,"delegated_theft"
9,17,43,0.111479920007338,"delegated_theft"
9,25,1,0.09611875,"freelance_theft"
9,20,51,0.0812724726971905,"delegated_theft"
9,13,12,0.0631925584772067,"delegated_theft"
9,46,25,0.123167296765363,"delegated_theft"
9,45,29,0.0890308635466686,"delegated_theft"
9,56,43,0.0724619480047694,"delegated_theft"
9,59,15,0.0992447401543658,"delegated_theft"
9,26,19,0.0841298578563459,"delegated_theft"
9,14,41,0.108259954266768,"delegated_theft"
9,7,46,0.0855552482965888,"delegated_theft"
9,29,55,0.101239900337915,"delegated_theft"
9,41,20,0.10734843720351,"freelance_theft"
9,27,44,0.0703180666061602,"delegated_theft"
9,53,43,0.0471002662031001,"delegated_theft"
9,12,14,0.0943460763670663,"delegated_theft"
9,51,4,0.153985238295248,"delegated_theft"
9,37,48,0.0465434762782928,"delegated_theft"
9,44,17,0.135726590954312,"delegated_theft"
9,4,19,0.0546844076066248,"delegated_theft"
9,21,12,0.0489346700379973,"delegated_theft"
9,19,5,0.10388252952489,"delegated_theft"
9,43,13,0.155873817164271,"delegated_theft"
9,15,4,0.101703199089954,"delegated_theft"
10,2,48,0.03,"patron_contract"
10,24,12,0.03,"patron_contract"
10,52,56,0.03,"patron_contract"
10,28,45,0.03,"patron_contract"
10,30,19,0.03,"patron_contract"
10,39,43,0.03,"patron_contract"
10,11,59,0.03,"patron_contract"
10,8,46,0.03,"patron_contract"
10,54,21,0.03,"patron_contract"
10,33,44,0.03,"patron_contract"
10,49,14,0.03,"patron_contract"
10,10,55,0.03,"patron_contract"
10,9,4,0.03,"patron_contract"
10,35,29,0.03,"patron_contract"
10,58,5,0.03,"patron_contract"
10,36,53,0.03,"patron_contract"
10,31,20,0.03,"patron_contract"
10,42,32,0.03,"patron_contract"
10,38,51,0.03,"patron_contract"
10,47,27,0.03,"patron_contract"
10,16,37,0.03,"patron_contract"
10,50,15,0.03,"patron_contract"
10,22,25,0.03,"patron_contract"
10,34,40,0.03,"patron_contract"
10,23,17,0.03,"patron_contract"
10,57,18,0.03,"patron_contract"
10,3,41,0.03,"patron_contract"
10,6,13,0.03,"patron_contract"
10,29,4,0.0766070794084704,"delegated_theft"
10,56,59,0.0639061901720967,"delegated_theft"
10,15,25,0.0905587428974863,"delegated_theft"
10,25,56,0.051436413059043,"delegated_theft"
10,46,37,0.0823535882491675,"delegated_theft"
10,4,17,0.0987222841203027,"delegated_theft"
10,13,51,0.0805797822846753,"delegated_theft"
10,43,7,0.11170026526886,"delegated_theft"
10,26,19,0.0554063633444763,"freelance_theft"
10,12,29,0.0823809606153903,"delegated_theft"
10,37,51,0.052376858485039,"delegated_theft"
10,51,37,0.0547791875733525,"delegated_theft"
10,48,40,0.0953518856441516,"delegated_theft"
10,53,44,0.0705836813693082,"delegated_theft"
10,27,46,0.0720816015420266,"delegated_theft"
10,19,48,0.0487711815698442,"delegated_theft"
10,59,18,0.102044713523842,"delegated_theft"
10,17,40,0.0619787256686985,"delegated_theft"
10,14,26,0.136665578493995,"delegated_theft"
10,18,15,0.0912903369633597,"delegated_theft"
10,32,48,0.0317012680203987,"delegated_theft"
10,45,5,0.0780236441911787,"delegated_theft"
10,21,25,0.0599644179401654,"delegated_theft"
10,41,40,0.0402861716846541,"delegated_theft"
10,55,53,0.0831841753125233,"delegated_theft"
10,7,51,0.0356726800580783,"freelance_theft"
10,5,13,0.117509296866612,"delegated_theft"
10,40,45,0.0562221550313564,"delegated_theft"
10,20,4,0.0583433613644534,"delegated_theft"
10,44,46,0.0468530410023173,"delegated_theft"
11,55,43,0.0692580910152332,"freelance_theft"
11,5,20,0.0824655635971831,"freelance_theft"
11,18,59,0.0506110659918681,"freelance_theft"
11,12,1,0.0624771875,"freelance_theft"
11,53,21,0.0725847521974627,"freelance_theft"
11,19,40,0.0280410010124638,"freelance_theft"
11,56,40,0.0182266506581014,"freelance_theft"
11,14,15,0.0593387190261838,"freelance_theft"
11,21,14,0.100118329910562,"freelance_theft"
11,48,12,0.0631495524466222,"freelance_theft"
11,7,30,0.551687549500783,"freelance_theft"
11,15,17,0.0669311339710168,"freelance_theft"
11,17,55,0.099647774686699,"freelance_theft"
11,41,48,0.0357081675695769,"freelance_theft"
11,45,27,0.0863022270445475,"freelance_theft"
11,59,17,0.0713819582215056,"freelance_theft"
11,29,42,0.4696098143303,"freelance_theft"
11,32,31,0.505735362159478,"freelance_theft"
11,25,29,0.210911059415609,"freelance_theft"
11,13,41,0.116283853984313,"freelance_theft"
11,37,45,0.0597501802359733,"freelance_theft"
12,2,40,0.03,"patron_contract"
12,24,51,0.03,"patron_contract"
12,28,48,0.03,"patron_contract"
12,52,46,0.03,"patron_contract"
12,39,4,0.03,"patron_contract"
12,11,56,0.03,"patron_contract"
12,49,43,0.03,"patron_contract"
12,8,45,0.03,"patron_contract"
12,54,44,0.03,"patron_contract"
12,33,19,0.03,"patron_contract"
12,10,12,0.03,"patron_contract"
12,9,17,0.03,"patron_contract"
12,58,20,0.03,"patron_contract"
12,35,27,0.03,"patron_contract"
12,36,37,0.03,"patron_contract"
12,47,59,0.03,"patron_contract"
12,38,15,0.03,"patron_contract"
12,50,55,0.03,"patron_contract"
12,16,14,0.03,"patron_contract"
12,22,53,0.03,"patron_contract"
12,34,21,0.03,"patron_contract"
12,57,41,0.03,"patron_contract"
12,23,26,0.03,"patron_contract"
12,6,5,0.03,"patron_contract"
12,3,18,0.03,"patron_contract"
12,30,25,0.03,"patron_contract"
12,31,13,0.03,"patron_contract"
12,26,5,0.0945860302397717,"delegated_theft"
12,40,14,0.075576914441865,"delegated_theft"
12,51,27,0.0595964475789559,"delegated_theft"
12,4,25,0.116295742456571,"delegated_theft"
12,12,7,0.264181252770361,"delegated_theft"
12,55,42,0.305246379314695,"delegated_theft"
12,46,26,0.100229925783861,"delegated_theft"
12,5,4,0.0527397643238046,"delegated_theft"
12,45,53,0.0829743772222521,"delegated_theft"
12,25,15,0.0654960642568753,"delegated_theft"
12,48,26,0.0651494517595094,"delegated_theft"
12,14,15,0.042572441766969,"delegated_theft"
12,13,32,0.248412447865802,"delegated_theft"
12,17,29,0.137092188620146,"delegated_theft"
12,56,25,0.0789078627172287,"delegated_theft"
12,43,42,0.198410146554552,"delegated_theft"
12,44,18,0.0949211649593806,"delegated_theft"
12,37,41,0.0860845050898032,"delegated_theft"
12,21,42,0.128966595260459,"delegated_theft"
12,7,53,0.0539333451944638,"freelance_theft"
12,27,7,0.183594485118797,"delegated_theft"
12,29,59,0.0613808782722412,"freelance_theft"
12,19,7,0.119336415327218,"delegated_theft"
12,15,18,0.0616987572235974,"delegated_theft"
12,20,43,0.0727673572422435,"delegated_theft"
12,32,55,0.116347358288419,"freelance_theft"
12,53,12,0.0861557564016362,"delegated_theft"
12,41,18,0.0401041921953383,"delegated_theft"
12,59,40,0.0202506869523597,"delegated_theft"
12,42,25,0.0512901107661987,"freelance_theft"
12,18,53,0.0416262060096592,"delegated_theft"
13,13,37,0.0665773445569138,"freelance_theft"
13,19,13,0.169007422991591,"freelance_theft"
13,55,19,0.113958031086616,"freelance_theft"
13,44,59,0.0360870540719534,"freelance_theft"
13,18,44,0.0633392992542015,"freelance_theft"
13,25,45,0.0484060815658873,"freelance_theft"
13,7,15,0.0303896414112464,"freelance_theft"
13,20,43,0.0472987822074583,"freelance_theft"
13,37,32,0.188189666513718,"freelance_theft"
13,4,29,0.0965932299983791,"freelance_theft"
13,26,32,0.122323283233916,"freelance_theft"
13,15,45,0.0314639530178268,"freelance_theft"
13,43,17,0.0714902925516516,"freelance_theft"
13,21,25,0.0432807005460897,"freelance_theft"
13,40,56,0.041740984596677,"freelance_theft"
13,53,21,0.107181988341701,"freelance_theft"
13,17,2,0.814261068587599,"freelance_theft"
13,48,51,0.0290736825314365,"freelance_theft"
13,51,1,0.040610171875,"freelance_theft"
14,15,26,0.0781602927755519,"freelance_theft"
14,25,26,0.0508041903041087,"freelance_theft"
14,59,7,0.0812050444566279,"freelance_theft"
14,7,32,0.0795101341020457,"freelance_theft"
14,27,5,0.0557874325368508,"freelance_theft"
14,46,20,0.0711180488764327,"freelance_theft"
14,18,29,0.0627855994989464,"freelance_theft"
14,48,51,0.0261114538016837,"freelance_theft"
14,43,53,0.0575707298258738,"freelance_theft"
14,20,43,0.0619155662669818,"freelance_theft"
14,51,13,0.102854824944534,"freelance_theft"
14,42,37,0.0951416572417951,"freelance_theft"
14,41,32,0.0446815871663297,"freelance_theft"
14,12,20,0.0608971799631249,"freelance_theft"
15,53,58,0.524891951173157,"freelance_theft"
15,7,53,0.207133157297423,"freelance_theft"
15,37,12,0.0633152546481573,"freelance_theft"
15,41,53,0.134636552243325,"freelance_theft"
15,43,53,0.0875137589581612,"freelance_theft"
15,25,12,0.0411549155213022,"freelance_theft"
15,18,32,0.0290430316581143,"freelance_theft"
15,29,41,0.097032687372517,"freelance_theft"
15,51,56,0.02013163998784,"freelance_theft"
15,12,25,0.0463181423938521,"freelance_theft"
15,48,53,0.0568839433228048,"freelance_theft"
15,32,41,0.063071246792136,"freelance_theft"
15,14,29,0.0607720802546961,"freelance_theft"
15,5,19,0.0600727202063005,"freelance_theft"
15,13,29,0.0395018521655525,"freelance_theft"
15,42,5,0.0432872832211582,"freelance_theft"
15,27,37,0.0770024163340219,"freelance_theft"
15,44,21,0.0556682924221056,"freelance_theft"
15,40,55,0.101511093767788,"freelance_theft"
15,55,46,0.0466320070692157,"freelance_theft"
16,19,42,0.122229954849501,"freelance_theft"
16,12,59,0.0308783507065895,"freelance_theft"
16,7,21,0.0361843900743686,"freelance_theft"
16,26,48,0.0551955254519215,"freelance_theft"
16,48,19,0.0748277523314208,"freelance_theft"
16,56,12,0.039769467674001,"freelance_theft"
16,5,7,0.144772967412651,"freelance_theft"
16,18,15,0.0371217529449927,"freelance_theft"
16,59,46,0.0303108045949902,"freelance_theft"
16,41,18,0.0649252415481804,"freelance_theft"
16,51,42,0.0794494706521759,"freelance_theft"
16,20,55,0.0753034134232876,"freelance_theft"
16,55,48,0.0550668048597462,"freelance_theft"
16,44,7,0.0941024288182233,"freelance_theft"
16,14,32,0.0339529069550219,"freelance_theft"
16,53,18,0.0422014070063173,"freelance_theft"
16,45,27,0.0861302694373373,"freelance_theft"
16,42,41,0.0567201449567516,"freelance_theft"
16,25,14,0.0539838994889112,"freelance_theft"
16,21,24,0.58220291061699,"freelance_theft"
16,4,5,0.0718072726881807,"freelance_theft"
17,21,42,0.0644942066587774,"freelance_theft"
17,5,21,0.235863844594858,"freelance_theft"
17,41,21,0.153311498986658,"freelance_theft"
17,45,5,0.122227072855518,"freelance_theft"
17,59,14,0.0350895346677923,"freelance_theft"
17,25,27,0.0489846751342692,"freelance_theft"
17,29,21,0.0996524743413276,"freelance_theft"
17,37,13,0.0666812844718906,"freelance_theft"
17,32,15,0.0171291394142452,"freelance_theft"
17,26,55,0.0612206004260481,"freelance_theft"
17,42,13,0.0433428349067289,"freelance_theft"
17,18,57,0.414065004090336,"freelance_theft"
17,4,41,0.0835271188672188,"freelance_theft"
17,7,21,0.0647741083218629,"freelance_theft"
17,56,20,0.0449393616741819,"freelance_theft"
17,53,4,0.0874555143542955,"freelance_theft"
17,44,18,0.165353665985724,"freelance_theft"
17,14,4,0.0568460843302921,"freelance_theft"
17,13,45,0.0659250698024993,"freelance_theft"
17,46,40,0.0283011739465965,"freelance_theft"
17,43,59,0.028961046701257,"freelance_theft"
17,48,44,0.123464080044349,"freelance_theft"
18,26,5,0.0794475973560866,"freelance_theft"
18,13,18,0.107479882890721,"freelance_theft"
18,14,21,0.0421031704092109,"freelance_theft"
18,53,7,0.0768375166444972,"freelance_theft"
18,12,13,0.0748645761320007,"freelance_theft"
18,40,57,0.262142252658719,"freelance_theft"
18,55,48,0.0720058511743573,"freelance_theft"
18,25,20,0.0292105850882182,"freelance_theft"
18,29,13,0.0486619744858005,"freelance_theft"
18,21,53,0.0882476164616116,"freelance_theft"
18,20,6,0.378692730336402,"freelance_theft"
18,43,5,0.0516409382814563,"freelance_theft"
18,51,18,0.0698619238789684,"freelance_theft"
18,46,12,0.0380527556343009,"freelance_theft"
18,19,57,0.170392464228167,"freelance_theft"
18,5,46,0.0219258983400577,"freelance_theft"
18,42,43,0.0710856284528442,"freelance_theft"
18,18,29,0.0565862609971039,"freelance_theft"
18,56,21,0.0512537265275511,"freelance_theft"
18,48,45,0.0428512953716245,"freelance_theft"
18,45,20,0.144529335925083,"freelance_theft"
18,4,19,0.094275401495282,"freelance_theft"
19,5,53,0.0573609507000475,"freelance_theft"
19,53,4,0.0629463453380385,"freelance_theft"
19,12,21,0.0333149222429082,"freelance_theft"
19,7,40,0.103145551495839,"freelance_theft"
19,37,20,0.0939440683513037,"freelance_theft"
19,19,6,0.246150274718661,"freelance_theft"
19,6,43,0.0462056584943488,"freelance_theft"
19,46,40,0.0670446084722955,"freelance_theft"
19,55,45,0.0714386095653348,"freelance_theft"
19,59,28,0.559602467747544,"freelance_theft"
19,20,18,0.0582154418703158,"freelance_theft"
19,25,19,0.140431607123465,"freelance_theft"
19,18,36,0.510348769982162,"freelance_theft"
19,40,42,0.0679711965040559,"freelance_theft"
19,4,26,0.0665750268295903,"freelance_theft"
19,48,6,0.169169659040152,"freelance_theft"
19,27,44,0.0662516520288271,"freelance_theft"
19,29,53,0.0523158388233444,"freelance_theft"
19,42,59,0.200685544067457,"freelance_theft"
19,43,59,0.130445603643847,"freelance_theft"
19,21,59,0.0847896423685007,"freelance_theft"
19,32,40,0.0603689142834116,"freelance_theft"
19,41,18,0.209462106709462,"freelance_theft"
19,13,29,0.0480916132362881,"freelance_theft"
19,56,20,0.0744390490829579,"freelance_theft"
19,57,4,0.0572163838600817,"freelance_theft"
19,45,57,0.123780836099337,"freelance_theft"
20,49,32,0.03,"patron_contract"
20,52,12,0.03,"patron_contract"
20,10,46,0.03,"patron_contract"
20,39,29,0.03,"patron_contract"
20,11,53,0.03,"patron_contract"
20,8,27,0.03,"patron_contract"
20,33,26,0.03,"patron_contract"
20,54,14,0.03,"patron_contract"
20,35,4,0.03,"patron_contract"
20,9,40,0.03,"patron_contract"
20,2,13,0.03,"patron_contract"
20,50,44,0.03,"patron_contract"
20,38,21,0.03,"patron_contract"
20,34,5,0.03,"patron_contract"
20,47,20,0.03,"patron_contract"
20,16,56,0.03,"patron_contract"
20,22,59,0.03,"patron_contract"
20,23,43,0.03,"patron_contract"
20,24,55,0.03,"patron_contract"
20,3,51,0.03,"patron_contract"
20,28,7,0.03,"patron_contract"
20,31,37,0.03,"patron_contract"
20,30,57,0.03,"patron_contract"
20,58,45,0.03,"patron_contract"
20,36,19,0.03,"patron_contract"
20,17,25,0.03,"patron_contract"
20,48,25,0.108020560948206,"freelance_theft"
20,29,41,0.113604364612004,"delegated_theft"
20,51,4,0.0476906495090531,"delegated_theft"
20,40,57,0.0909575434645692,"delegated_theft"
20,6,57,0.05912240325197,"freelance_theft"
20,13,45,0.0932583888522357,"delegated_theft"
20,55,21,0.0548310742868656,"delegated_theft"
20,45,4,0.0309989221808845,"delegated_theft"
20,7,37,0.0887704441052322,"delegated_theft"
20,42,44,0.0535635738187376,"freelance_theft"
20,37,56,0.0631405617355422,"delegated_theft"
20,57,56,0.0410413651281024,"delegated_theft"
20,4,7,0.089526673789041,"delegated_theft"
20,5,29,0.0526522360299779,"delegated_theft"
20,18,41,0.0738428369978026,"freelance_theft"
20,41,7,0.0581923379628766,"freelance_theft"
20,19,12,0.0398945139473135,"delegated_theft"
20,53,46,0.041217446886341,"delegated_theft"
20,27,7,0.0378250196758698,"delegated_theft"
20,20,48,0.137818333639326,"delegated_theft"
20,44,19,0.101063930576954,"delegated_theft"
20,56,18,0.154995362310381,"delegated_theft"
20,59,20,0.0735917694521165,"delegated_theft"
20,14,45,0.0585002829974425,"delegated_theft"
20,43,13,0.0596505442926983,"delegated_theft"
20,25,55,0.0811348457360049,"delegated_theft"
20,32,25,0.0759921028197547,"delegated_theft"
20,21,48,0.089581916865562,"delegated_theft"
20,46,5,0.059109734221705,"delegated_theft"
20,26,5,0.0384213272441082,"delegated_theft"
20,12,44,0.0437338920480497,"delegated_theft"
21,43,6,0.123653119514288,"freelance_theft"
21,20,12,0.0258195220633216,"freelance_theft"
21,27,45,0.0380251839483376,"freelance_theft"
21,45,29,0.0272239534194856,"freelance_theft"
21,48,42,0.112168468987805,"freelance_theft"
21,32,20,0.0498714828660383,"freelance_theft"
21,46,53,0.0439970431197725,"freelance_theft"
21,6,21,0.0427493501927887,"freelance_theft"
21,21,48,0.0904872101083469,"freelance_theft"
21,41,13,0.0387728537902539,"freelance_theft"
21,18,13,0.025202354963665,"freelance_theft"
21,13,51,0.0742879730810017,"freelance_theft"
21,59,54,0.530338882022999,"freelance_theft"
21,5,59,0.248822579936283,"freelance_theft"
21,12,45,0.0272447532632394,"freelance_theft"
21,56,37,0.0536454271417488,"freelance_theft"
21,4,19,0.0586915548750201,"freelance_theft"
21,14,27,0.0497943720282322,"freelance_theft"
21,26,6,0.0883368002517634,"freelance_theft"
22,18,43,0.117863191852774,"freelance_theft"
22,40,14,0.0595822614748695,"freelance_theft"
22,26,44,0.0214270298312323,"freelance_theft"
22,19,18,0.136819926887502,"freelance_theft"
22,13,18,0.088932952476876,"freelance_theft"
22,14,56,0.0558645563967637,"freelance_theft"
22,27,5,0.10506176568637,"freelance_theft"
22,45,48,0.0588166865704255,"freelance_theft"
22,32,26,0.0702424670092293,"freelance_theft"
22,5,42,0.072909504842073,"freelance_theft"
22,37,19,0.0790364850793886,"freelance_theft"
22,53,14,0.0512810646975324,"freelance_theft"
22,42,59,0.154734676958584,"freelance_theft"
22,12,48,0.0382308462707766,"freelance_theft"
22,48,27,0.0621379598085802,"freelance_theft"
22,6,53,0.0325464506719885,"freelance_theft"
23,57,55,0.0387376497284032,"freelance_theft"
23,20,18,0.0578064191099694,"freelance_theft"
23,37,26,0.045657603555999,"freelance_theft"
23,51,47,0.451154736119029,"freelance_theft"
23,29,13,0.0595088546716395,"freelance_theft"
23,41,13,0.0386807555365657,"freelance_theft"
23,6,51,0.192191340144311,"freelance_theft"
23,40,57,0.0304517545263977,"freelance_theft"
23,42,41,0.0674739255999653,"freelance_theft"
23,14,44,0.006927569390301,"freelance_theft"
23,55,5,0.0868084743908657,"freelance_theft"
23,5,41,0.0438580516399775,"freelance_theft"
23,26,37,0.0645124586645224,"freelance_theft"
23,32,56,0.0223119616578964,"freelance_theft"
23,53,55,0.0485624383602651,"freelance_theft"
23,12,4,0.0337917947456059,"freelance_theft"
23,59,40,0.0675775129803307,"freelance_theft"
23,13,53,0.0311520463628853,"freelance_theft"
23,48,27,0.0333896738755772,"freelance_theft"
23,43,51,0.124924371093802,"freelance_theft"
23,44,19,0.0443737153016026,"freelance_theft"
24,41,43,0.106334604587134,"freelance_theft"
24,6,42,0.11116418904284,"freelance_theft"
24,27,53,0.0202488301358754,"freelance_theft"
24,7,48,0.0442847218654599,"freelance_theft"
24,21,59,0.117229669566195,"freelance_theft"
24,25,59,0.0761992852180271,"freelance_theft"
24,19,12,0.0305262773390267,"freelance_theft"
24,4,51,0.0812008412109716,"freelance_theft"
24,29,21,0.0724879855114025,"freelance_theft"
24,26,55,0.0245655849341723,"freelance_theft"
24,32,43,0.0691174929816371,"freelance_theft"
24,53,25,0.04806461665915,"freelance_theft"
24,44,41,0.0587248451714822,"freelance_theft"
24,18,6,0.153984613114345,"freelance_theft"
24,13,6,0.100089998524324,"freelance_theft"
24,43,6,0.0650584990408108,"freelance_theft"
24,51,14,0.0287573413400014,"freelance_theft"
24,14,27,0.0217903785666816,"freelance_theft"
24,48,40,0.043925383437215,"freelance_theft"
24,40,37,0.0349330981319396,"freelance_theft"
25,56,42,0.0652567228778459,"freelance_theft"
25,12,25,0.0312420008284475,"freelance_theft"
25,14,42,0.0424168698705998,"freelance_theft"
25,53,6,0.035288024376527,"freelance_theft"
25,4,36,0.318406394423263,"freelance_theft"
25,13,43,0.0536968451023479,"freelance_theft"
25,26,20,0.0246487105514142,"freelance_theft"
25,27,5,0.0577758264280548,"freelance_theft"
25,41,37,0.0227065137857607,"freelance_theft"
25,37,12,0.016776780560324,"freelance_theft"
25,45,59,0.0425295353917176,"freelance_theft"
25,59,4,0.140827199056626,"freelance_theft"
25,29,21,0.0401171905824116,"freelance_theft"
25,40,13,0.0688711025951128,"freelance_theft"
25,7,27,0.0273852853181622,"freelance_theft"
25,42,4,0.0915376793868069,"freelance_theft"
25,5,43,0.0349029493165261,"freelance_theft"
25,25,14,0.0271648088240494,"freelance_theft"
26,40,36,0.206964156375121,"freelance_theft"
26,53,56,0.0233426280848787,"freelance_theft"
26,41,13,0.0447662166868233,"freelance_theft"
26,51,5,0.0427703194390198,"freelance_theft"
26,4,8,0.530936162431422,"freelance_theft"
26,48,55,0.00896763020721199,"freelance_theft"
26,36,51,0.056815228059789,"freelance_theft"
26,43,4,0.238327148452422,"freelance_theft"
26,20,59,0.0629337176744356,"freelance_theft"
26,19,41,0.0477866050268679,"freelance_theft"
26,55,4,0.154912646494074,"freelance_theft"
26,27,36,0.147412031464755,"freelance_theft"
26,25,48,0.0262976239880983,"freelance_theft"
26,13,33,0.527213116895306,"freelance_theft"
26,5,42,0.0526091532012723,"freelance_theft"
26,42,4,0.100693220221148,"freelance_theft"
26,18,6,0.0159372158447426,"freelance_theft"
26,26,59,0.0409069164883831,"freelance_theft"
27,26,40,0.11632042421995,"freelance_theft"
27,27,13,0.206622631759792,"freelance_theft"
27,20,29,0.0429354804905744,"freelance_theft"
27,36,18,0.0690468125571608,"freelance_theft"
27,21,48,0.0170934555922639,"freelance_theft"
27,37,43,0.0991014190140898,"freelance_theft"
27,18,26,0.0895113755118542,"freelance_theft"
27,40,6,0.0103591902990827,"freelance_theft"
27,56,41,0.0240612932674641,"freelance_theft"
27,14,18,0.0692094095913035,"freelance_theft"
27,48,29,0.0279080623188734,"freelance_theft"
27,12,4,0.0584505931437465,"freelance_theft"
27,44,37,0.0346854966549314,"freelance_theft"
27,55,27,0.127712567585397,"freelance_theft"
27,42,13,0.127304710643865,"freelance_theft"
27,5,26,0.0581823940827053,"freelance_theft"
27,29,32,0.0617026560892359,"freelance_theft"
28,51,45,0.0111802673078557,"freelance_theft"
28,42,27,0.083013168930508,"freelance_theft"
28,44,14,0.0278804190925883,"freelance_theft"
28,32,18,0.0449861162343473,"freelance_theft"
28,55,43,0.0574159223591583,"freelance_theft"
28,48,55,0.10501439775352,"freelance_theft"
28,27,21,0.0110588833358599,"freelance_theft"
28,25,14,0.0181222724101824,"freelance_theft"
28,4,18,0.0222409755523257,"freelance_theft"
28,29,36,0.112984204847097,"freelance_theft"
28,56,42,0.122049834509259,"freelance_theft"
28,59,42,0.0793323924310187,"freelance_theft"
28,45,1,0.02639661171875,"freelance_theft"
28,7,19,0.0212524237741048,"freelance_theft"
28,5,13,0.0827480619185123,"freelance_theft"
28,43,59,0.0403558330683056,"freelance_theft"
28,53,42,0.0515660550801621,"freelance_theft"
28,13,36,0.066439733150613,"freelance_theft"
29,13,40,0.0652339923476467,"freelance_theft"
29,18,13,0.0858720441714239,"freelance_theft"
29,32,42,0.0335179358021054,"freelance_theft"
29,53,42,0.0217866582713685,"freelance_theft"
29,5,4,0.0387772269867492,"freelance_theft"
29,20,40,0.0424020950259704,"freelance_theft"
29,37,29,0.0582806418349842,"freelance_theft"
29,25,27,0.0508291689723812,"freelance_theft"
29,12,44,0.0229825666772116,"freelance_theft"
29,4,48,0.0436336071603094,"freelance_theft"
29,51,25,0.0281521565066399,"freelance_theft"
29,44,20,0.0399166144752623,"freelance_theft"
29,48,37,0.0289437974679499,"freelance_theft"
29,42,13,0.0558168287114255,"freelance_theft"
29,14,48,0.0314921737679835,"freelance_theft"
29,41,25,0.0182989017293159,"freelance_theft"
29,26,43,0.0374448911073599,"freelance_theft"
30,20,5,0.0811116003015965,"freelance_theft"
30,5,40,0.0205613617668807,"freelance_theft"
30,59,48,0.0204699129491893,"freelance_theft"
30,56,41,0.00804445622911224,"freelance_theft"
30,45,50,0.497145649398486,"freelance_theft"
30,40,20,0.0473348595144793,"freelance_theft"
30,29,13,0.0362809386624266,"freelance_theft"
30,37,48,0.013305443416973,"freelance_theft"
30,48,4,0.0334769600474953,"freelance_theft"
30,53,43,0.0173391792197839,"freelance_theft"
30,19,5,0.052919016814446,"freelance_theft"
30,55,45,0.17400097728947,"freelance_theft"
30,18,59,0.0193957610266149,"freelance_theft"
30,32,45,0.113100635238156,"freelance_theft"
30,13,45,0.0735154129048011,"freelance_theft"
30,41,32,0.0861683670041162,"freelance_theft"
30,42,53,0.0332472461804736,"freelance_theft"
30,14,45,0.0477850183881207,"freelance_theft"
31,44,29,0.043580745724589,"freelance_theft"
31,13,26,0.0299242680413344,"freelance_theft"
31,14,37,0.016470373550108,"freelance_theft"
31,27,51,0.0226962465739363,"freelance_theft"
31,41,1,0.0171577976171875,"freelance_theft"
31,40,8,0.345108505580424,"freelance_theft"
31,51,55,0.108159700591103,"freelance_theft"
31,4,37,0.00370574280757019,"freelance_theft"
31,5,13,0.0457864984617247,"freelance_theft"
31,43,55,0.0703038053842168,"freelance_theft"
31,25,13,0.0297612240001211,"freelance_theft"
31,45,19,0.0115216558850561,"freelance_theft"
32,37,40,0.136720062931689,"freelance_theft"
32,14,5,0.0434226353909936,"freelance_theft"
32,29,38,0.448140802287122,"freelance_theft"
32,41,40,0.0888680409055977,"freelance_theft"
32,55,29,0.171176765521476,"freelance_theft"
32,20,41,0.0532679719344155,"freelance_theft"
32,53,55,0.0986093414322574,"freelance_theft"
32,18,40,0.0507642265886385,"freelance_theft"
33,56,20,0.035411448861457,"freelance_theft"
33,40,37,0.047852022026091,"freelance_theft"
33,27,18,0.0410678452343487,"freelance_theft"
33,41,29,0.111264897588959,"freelance_theft"
33,51,29,0.0723221834328235,"freelance_theft"
33,25,32,0.0420094385526755,"freelance_theft"
33,13,39,0.563053847798851,"freelance_theft"
33,37,56,0.0255211697587236,"freelance_theft"
33,36,41,0.0665668959135058,"freelance_theft"
33,14,13,0.202413642329677,"freelance_theft"
33,43,14,0.0915543451994088,"freelance_theft"
33,29,18,0.0196940994023267,"freelance_theft"
33,42,43,0.0469208191971285,"freelance_theft"
33,44,20,0.023017441759947,"freelance_theft"
33,53,36,0.0314842401176255,"freelance_theft"
33,20,29,0.0469023540221496,"freelance_theft"
34,36,13,0.13156886751429,"freelance_theft"
34,45,40,0.0427449549917469,"freelance_theft"
34,25,51,0.0569212196814328,"freelance_theft"
34,18,36,0.059513859706458,"freelance_theft"
34,20,32,0.0203061350592391,"freelance_theft"
34,56,16,0.454231873820499,"freelance_theft"
34,42,56,0.168569916180345,"freelance_theft"
34,53,36,0.0386840088091977,"freelance_theft"
34,55,51,0.0299987927929313,"freelance_theft"
35,32,52,0.551773061855535,"freelance_theft"
35,18,25,0.0276257303819379,"freelance_theft"
35,36,14,0.0525103243796157,"freelance_theft"
35,45,38,0.29129152148663,"freelance_theft"
35,51,29,0.0234865301143972,"freelance_theft"
35,43,53,0.0456828666429861,"freelance_theft"
35,25,56,0.102570445517224,"freelance_theft"
35,13,56,0.0666707895861958,"freelance_theft"
35,5,32,0.193120571649437,"freelance_theft"
35,20,37,0.0190362237325124,"freelance_theft"
36,27,42,0.07175551147067,"freelance_theft"
36,32,38,0.189339488966309,"freelance_theft"
36,13,38,0.123070667828101,"freelance_theft"
36,53,5,0.0678169130814488,"freelance_theft"
36,40,56,0.0433360132310273,"freelance_theft"
36,20,14,0.0271317108467502,"freelance_theft"
36,43,20,0.0266430854251935,"freelance_theft"
36,55,32,0.184797192710342,"freelance_theft"
36,44,45,0.11000560827948,"freelance_theft"
36,41,25,0.0468563806792881,"freelance_theft"
36,18,32,0.120118175261723,"freelance_theft"
37,25,38,0.0729959340882657,"freelance_theft"
37,51,55,0.111274666857113,"freelance_theft"
37,32,52,0.358652490206098,"freelance_theft"
37,14,51,0.045665634255434,"freelance_theft"
37,5,14,0.0196185840397895,"freelance_theft"
37,18,55,0.0653285334571236,"freelance_theft"
37,45,11,0.539147705981428,"freelance_theft"
37,42,32,0.196605185492254,"freelance_theft"
37,37,45,0.253205342475162,"freelance_theft"
37,38,45,0.164583472608855,"freelance_theft"
37,36,38,0.098051572570472,"freelance_theft"
37,44,43,0.0278126157019964,"freelance_theft"
37,20,53,0.039429782896448,"freelance_theft"
38,49,14,0.03,"patron_contract"
38,10,56,0.03,"patron_contract"
38,35,40,0.03,"patron_contract"
38,9,43,0.03,"patron_contract"
38,2,27,0.03,"patron_contract"
38,22,20,0.03,"patron_contract"
38,34,53,0.03,"patron_contract"
38,23,51,0.03,"patron_contract"
38,24,41,0.03,"patron_contract"
38,39,5,0.03,"patron_contract"
38,3,44,0.03,"patron_contract"
38,28,25,0.03,"patron_contract"
38,11,55,0.03,"patron_contract"
38,31,36,0.03,"patron_contract"
38,54,38,0.03,"patron_contract"
38,33,18,0.03,"patron_contract"
38,30,37,0.03,"patron_contract"
38,58,42,0.03,"patron_contract"
38,50,45,0.03,"patron_contract"
38,17,13,0.03,"patron_contract"
38,16,32,0.03,"patron_contract"
38,42,32,0.138293370569965,"delegated_theft"
38,38,5,0.047447497916868,"delegated_theft"
38,32,55,0.0529635467471303,"delegated_theft"
38,44,56,0.0246684086001677,"delegated_theft"
38,51,38,0.0747065030927135,"delegated_theft"
38,45,43,0.0285782002062977,"delegated_theft"
38,14,42,0.126734103242994,"delegated_theft"
38,41,51,0.0449489365031345,"delegated_theft"
38,43,40,0.025451825375495,"delegated_theft"
38,18,38,0.0485592270102638,"delegated_theft"
38,13,55,0.0344263053856347,"delegated_theft"
38,5,25,0.0525052243724303,"delegated_theft"
38,40,53,0.0361293588826912,"delegated_theft"
38,36,20,0.0346184295401326,"delegated_theft"
38,53,38,0.0315634975566715,"delegated_theft"
38,20,32,0.0912324494831502,"delegated_theft"
38,37,56,0.016034465590109,"delegated_theft"
38,55,44,0.0486216527480431,"delegated_theft"
38,56,42,0.082377167107946,"delegated_theft"
38,27,45,0.114980323728248,"delegated_theft"
38,25,43,0.0155844926307339,"delegated_theft"
39,5,36,0.0657936723110801,"freelance_theft"
39,44,37,0.0946472981967488,"freelance_theft"
39,43,5,0.0481382317935,"freelance_theft"
39,40,22,0.435091559001833,"freelance_theft"
39,14,18,0.0913544474481636,"freelance_theft"
39,13,40,0.160516106168737,"freelance_theft"
39,32,53,0.014455334138925,"freelance_theft"
39,45,13,0.182032054236588,"freelance_theft"
39,51,14,0.061186757493492,"freelance_theft"
39,20,40,0.104335469009679,"freelance_theft"
39,56,27,0.0397238300019335,"freelance_theft"
39,27,18,0.0523803908413063,"freelance_theft"
40,42,37,0.0545207438278867,"freelance_theft"
40,18,51,0.0436321738497596,"freelance_theft"
40,44,53,0.00939596719030128,"freelance_theft"
40,38,9,0.518301783953569,"freelance_theft"
40,53,45,0.131448429406167,"freelance_theft"
40,55,51,0.0283609130023437,"freelance_theft"
40,27,13,0.111320835253782,"freelance_theft"
40,32,5,0.024289850665775,"freelance_theft"
40,40,38,0.187921897795585,"freelance_theft"
40,56,37,0.0284384834881264,"freelance_theft"
40,41,55,0.0189613283592997,"freelance_theft"
40,45,38,0.122149233567131,"freelance_theft"
41,32,40,0.126590719084746,"freelance_theft"
41,5,42,0.0586274189599252,"freelance_theft"
41,14,32,0.0961686585253539,"freelance_theft"
41,43,42,0.0381078223239514,"freelance_theft"
41,44,49,0.567770924340218,"freelance_theft"
41,56,14,0.0594304228546437,"freelance_theft"
41,53,44,0.245739040690772,"freelance_theft"
41,27,38,0.0793970018186348,"freelance_theft"
41,25,41,0.0348841380065282,"freelance_theft"
41,41,40,0.0822839674050851,"freelance_theft"
41,18,56,0.0400542641737186,"freelance_theft"
41,45,38,0.0516080511821127,"freelance_theft"
41,51,14,0.0386297748555184,"freelance_theft"
41,38,39,0.355092256760946,"freelance_theft"
41,20,45,0.132256528776243,"freelance_theft"
41,13,10,0.549424540970244,"freelance_theft"
41,40,16,0.284446200732147,"freelance_theft"
42,2,55,0.03,"patron_contract"
42,35,37,0.03,"patron_contract"
42,34,42,0.03,"patron_contract"
42,23,51,0.03,"patron_contract"
42,49,43,0.03,"patron_contract"
42,10,25,0.03,"patron_contract"
42,24,36,0.03,"patron_contract"
42,3,14,0.03,"patron_contract"
42,28,56,0.03,"patron_contract"
42,11,5,0.03,"patron_contract"
42,9,41,0.03,"patron_contract"
42,54,18,0.03,"patron_contract"
42,31,32,0.03,"patron_contract"
42,58,45,0.03,"patron_contract"
42,33,27,0.03,"patron_contract"
42,30,20,0.03,"patron_contract"
42,50,53,0.03,"patron_contract"
42,17,40,0.03,"patron_contract"
42,47,38,0.03,"patron_contract"
42,22,44,0.03,"patron_contract"
42,41,27,0.10040486927106,"delegated_theft"
42,42,18,0.0598375073550665,"delegated_theft"
42,53,32,0.07300962804148,"delegated_theft"
42,51,44,0.170230376449002,"delegated_theft"
42,20,56,0.0365352717129171,"delegated_theft"
42,43,27,0.0652631650261889,"delegated_theft"
42,37,44,0.110649744691851,"delegated_theft"
42,27,40,0.156540749069557,"delegated_theft"
42,32,18,0.0388943797807932,"delegated_theft"
42,36,32,0.046582123042437,"delegated_theft"
42,5,38,0.161327523134704,"delegated_theft"
42,44,45,0.0964667437045583,"delegated_theft"
42,45,5,0.0582170844624435,"delegated_theft"
42,38,53,0.140014630950462,"delegated_theft"
42,55,45,0.0648725742107977,"delegated_theft"
42,40,51,0.0482662989416726,"delegated_theft"
42,18,27,0.060076225245478,"delegated_theft"
42,25,44,0.0801158461831711,"delegated_theft"
42,56,44,0.0520753000190613,"delegated_theft"
42,14,53,0.0910095101178,"delegated_theft"
43,45,38,0.119915194412255,"freelance_theft"
43,25,40,0.102353428978525,"freelance_theft"
43,32,44,0.0338489450123898,"freelance_theft"
43,43,53,0.05215618157657,"freelance_theft"
43,56,25,0.0657343476500385,"freelance_theft"
43,5,31,0.318853155546197,"freelance_theft"
43,38,25,0.042727325972525,"freelance_theft"
43,55,38,0.0858994404583498,"freelance_theft"
43,37,5,0.142439709341757,"freelance_theft"
43,20,41,0.056787845206215,"freelance_theft"
43,18,17,0.292996848301421,"freelance_theft"
43,44,43,0.0443496511945093,"freelance_theft"
44,32,5,0.0925858110721423,"freelance_theft"
44,42,9,0.335224096904499,"freelance_theft"
44,5,40,0.0595297288360415,"freelance_theft"
44,51,5,0.074016182289507,"freelance_theft"
44,55,32,0.0605305446071703,"freelance_theft"
44,40,27,0.0320495464095607,"freelance_theft"
44,20,18,0.116292249239176,"freelance_theft"
44,45,5,0.0481105184881796,"freelance_theft"
44,36,42,0.134022925835566,"freelance_theft"
44,37,42,0.0871149017931178,"freelance_theft"
44,27,38,0.0488346362979274,"freelance_theft"
45,41,45,0.0869761727521708,"freelance_theft"
45,40,51,0.0432787581134147,"freelance_theft"
45,37,41,0.0533537598472996,"freelance_theft"
45,44,37,0.11043027890001,"freelance_theft"
45,56,18,0.0755899620054642,"freelance_theft"
45,20,43,0.021827273276431,"freelance_theft"
45,27,56,0.0534132947458242,"freelance_theft"
45,42,20,0.148150173217177,"freelance_theft"
45,43,56,0.0347186415847857,"freelance_theft"
45,51,36,0.0655105954238339,"freelance_theft"
45,55,32,0.0393448539946607,"freelance_theft"
45,14,42,0.101477246791539,"freelance_theft"
45,32,41,0.0346799439007447,"freelance_theft"
